ID,Gender,Cmt1,Cmt2,Cmt3,Cmt4,Cnf1,Cnf2,Cnf3,Cnf4,Cop1,Cop2,Cop3,Cop4,Cmp1,Cmp2,Cmp3,Cmp4
1,F,1,2,2,2,3,3,2,2,2,2,3,3,2,5,4,4
2,M,4,4,4,3,2,2,3,2,4,4,4,5,5,3,4,5
3,F,2,2,2,2,1,2,2,2,4,4,4,3,2,1,2,2
4,M,1,2,2,2,3,4,4,2,2,2,1,2,5,5,5,5
5,F,5,5,5,5,3,2,5,2,4,4,4,3,2,3,3,2
6,M,2,1,1,1,1,1,1,1,1,1,1,2,1,1,1,1
7,F,4,5,5,4,5,5,5,5,4,4,3,3,4,3,5,3
8,M,4,3,1,2,2,3,2,3,3,3,2,4,1,2,1,2
9,F,4,4,3,4,3,3,3,3,4,4,4,3,4,4,5,4
10,M,5,4,3,4,4,4,2,3,5,4,3,4,3,3,3,2
11,F,5,2,2,3,3,3,3,3,4,4,3,4,4,5,4,4
12,M,3,4,3,4,3,3,2,2,3,3,4,3,4,5,5,3
13,F,3,2,3,4,5,4,4,5,3,4,3,3,4,5,4,4
14,M,3,3,3,3,2,2,1,1,2,1,2,1,1,2,2,1
15,F,2,1,1,1,4,5,4,4,2,3,1,3,4,4,4,4
16,M,4,4,4,4,2,2,3,3,1,1,2,1,1,2,2,1
17,F,3,3,3,4,4,4,4,3,3,2,3,4,3,4,5,3
18,M,4,4,5,4,3,1,4,4,3,4,3,2,2,2,2,2
19,F,4,5,4,4,3,4,4,2,4,4,3,3,4,3,3,1
20,M,3,3,4,3,4,1,3,4,5,1,2,2,3,4,3,4
21,F,5,5,4,5,4,3,4,4,4,4,4,4,4,3,4,3
22,M,5,4,3,5,3,5,3,4,3,3,2,4,3,2,1,3
23,F,2,4,5,3,2,2,3,2,3,3,4,4,3,2,3,3
24,M,4,4,3,4,5,5,4,5,3,3,3,4,4,3,3,5
25,F,5,3,2,3,2,3,2,4,2,2,3,2,4,2,3,3
26,M,3,5,3,4,4,4,3,2,5,5,5,5,5,4,4,4
27,F,3,4,2,4,1,1,3,1,2,3,2,2,2,4,2,3
28,M,4,3,4,4,5,4,5,4,2,4,4,3,3,1,4,4
29,F,5,3,4,4,4,4,5,4,5,4,5,5,5,5,3,3
30,M,4,4,4,4,1,1,2,2,1,3,1,1,1,1,3,2
31,F,2,3,2,3,4,3,3,4,4,5,5,4,3,1,3,2
32,M,2,2,2,2,3,1,2,2,3,4,2,4,5,5,3,5
33,F,5,4,5,5,4,3,3,3,4,3,5,4,1,3,3,3
34,M,4,3,4,3,3,3,3,4,5,4,3,4,5,5,3,5
35,F,4,4,3,4,2,2,1,3,2,2,3,2,4,5,4,4
36,M,5,5,5,4,2,3,4,2,3,2,2,1,4,2,3,3
37,F,5,5,5,5,3,1,1,2,2,3,2,4,3,3,5,4
38,M,5,4,5,5,5,4,5,5,5,3,3,4,4,5,5,5
39,F,4,4,3,2,4,3,3,2,4,3,1,4,3,2,2,4
40,M,2,3,2,3,4,5,5,4,2,3,1,2,2,3,1,5
41,F,4,3,4,3,2,3,4,1,4,5,4,4,2,2,2,3
42,M,2,3,2,2,3,4,4,3,2,1,1,2,3,1,2,2
43,F,2,2,2,2,1,1,4,3,3,3,2,3,2,4,2,3
44,M,1,1,1,1,3,4,4,2,3,3,3,3,5,3,4,4
45,F,3,2,3,4,2,1,2,3,1,2,1,2,2,3,2,2
46,M,3,3,4,4,1,2,3,2,2,2,1,2,4,3,2,3
47,F,4,4,5,4,3,3,5,4,5,5,5,5,4,4,4,4
48,M,2,3,4,5,4,4,2,4,3,3,3,2,1,1,3,2
49,F,2,4,2,2,3,3,4,3,3,2,3,2,2,4,3,3
50,M,2,2,1,1,4,2,5,4,1,2,1,2,2,2,2,2
51,F,3,4,3,5,3,4,4,3,1,4,4,1,2,4,3,2
52,M,3,3,3,4,4,5,5,3,4,5,5,4,3,4,5,5
53,F,2,2,3,1,3,2,3,1,4,2,2,3,1,1,2,1
54,M,3,5,3,4,1,1,2,1,2,2,2,3,4,3,4,3
55,F,2,2,1,2,3,4,4,3,3,3,4,4,3,2,3,5
56,M,1,2,3,1,3,2,3,3,2,2,4,4,3,4,4,3
57,F,2,3,1,2,2,2,2,3,4,4,4,5,3,2,2,2
58,M,3,3,2,2,2,3,2,3,1,2,4,2,3,2,2,2
59,F,5,4,4,3,5,5,4,5,5,5,5,5,4,4,5,4
60,M,1,2,1,1,2,2,3,2,1,1,1,2,2,1,2,1
61,F,5,3,3,3,4,4,3,4,5,4,4,4,3,2,3,2
62,M,3,2,3,3,2,2,4,3,4,2,3,3,3,3,5,5
63,F,4,5,4,3,5,4,4,4,4,5,5,5,3,3,5,2
64,M,3,3,3,2,1,3,1,3,3,3,2,4,2,2,3,2
65,F,1,1,1,1,3,3,1,3,1,1,1,1,3,2,1,1
66,M,2,3,1,2,2,2,2,2,2,1,4,2,1,1,1,1
67,F,3,3,2,3,3,1,3,2,4,4,3,4,3,4,3,4
68,M,3,4,2,2,3,2,3,2,3,5,2,4,3,4,3,4
69,F,3,3,4,4,4,4,5,4,3,4,3,4,4,4,5,3
70,M,5,4,4,5,5,5,5,5,4,5,5,5,5,5,5,5
71,F,4,4,5,4,3,2,3,3,4,4,3,4,3,4,3,4
72,M,1,1,2,2,3,2,1,2,3,4,3,2,2,3,3,2
73,F,3,4,4,4,4,4,3,4,5,4,5,4,2,5,3,4
74,M,3,3,2,3,3,3,2,3,2,2,2,2,2,2,3,2
75,F,4,4,2,3,3,4,1,2,3,2,3,4,1,2,2,2
76,M,5,5,5,5,4,4,5,3,5,4,3,3,5,3,5,4
77,F,3,4,4,2,4,5,2,3,2,3,3,2,3,4,4,4
78,M,3,1,2,2,2,1,3,1,1,3,1,2,2,1,1,2
79,F,4,5,3,4,3,3,4,4,4,4,3,5,3,2,4,3
80,M,2,3,2,3,2,3,3,3,4,4,3,4,4,4,2,3
81,F,2,3,4,3,4,3,3,4,3,4,4,4,4,3,4,5
82,M,1,2,2,2,4,3,3,3,2,2,1,2,3,4,3,2
83,F,1,2,2,3,3,5,4,4,2,2,3,2,3,2,1,1
84,M,2,4,2,3,2,2,2,1,2,2,3,5,3,1,1,2
85,F,1,3,1,2,5,5,4,3,3,2,3,3,3,2,2,3
86,M,3,2,2,3,2,2,1,2,1,3,3,3,3,3,2,3
87,F,3,2,2,1,1,3,3,3,4,4,4,3,3,3,2,3
88,M,1,1,2,1,2,4,3,1,3,3,2,3,3,4,4,4
89,F,4,3,4,4,4,3,4,5,3,2,2,4,5,5,5,4
90,M,2,1,2,2,1,1,1,1,1,2,2,2,4,2,2,3
91,F,4,5,5,3,3,3,4,4,5,5,4,5,3,4,3,4
92,M,2,3,3,2,3,3,3,3,2,2,3,2,1,1,1,2
93,F,2,2,1,2,1,1,3,1,1,1,1,1,3,3,3,4
94,M,2,2,2,3,2,2,2,2,2,3,3,3,2,3,3,3
95,F,5,4,5,4,3,3,3,3,2,5,4,4,4,5,4,4
96,M,4,3,2,4,3,3,3,3,3,3,3,4,3,3,3,3
97,F,3,3,2,2,1,2,2,1,3,3,4,3,3,4,4,4
98,M,5,5,5,4,2,4,3,4,4,5,4,3,2,2,1,2
99,F,2,3,3,2,3,3,4,4,3,4,2,1,4,5,4,5
100,M,2,3,4,3,4,4,4,3,3,3,3,3,4,4,4,4
101,F,1,1,1,1,2,2,2,2,1,1,1,1,2,2,3,2
102,M,4,5,4,4,4,3,4,4,4,3,3,4,5,5,5,5
103,F,3,3,4,4,3,3,4,3,2,4,1,3,1,3,3,4
104,M,5,5,5,5,3,3,2,3,4,4,2,3,4,1,3,3
105,F,2,5,3,4,5,5,5,5,4,4,3,3,3,5,4,4
106,M,3,5,3,3,5,4,4,5,4,4,5,4,4,3,4,3
107,F,1,1,2,2,2,2,3,1,1,1,1,1,1,1,1,1
108,M,2,3,2,2,3,4,4,4,3,5,4,2,3,2,2,3
109,F,5,5,5,5,5,3,4,4,5,5,5,5,3,3,2,3
110,M,3,1,1,1,2,5,3,5,1,1,1,3,3,3,4,3
111,F,1,2,3,1,1,1,2,2,1,1,1,2,3,5,5,3
112,M,4,4,3,3,4,4,4,5,4,4,4,4,3,5,4,4
113,F,5,4,3,4,3,3,3,2,4,2,4,3,3,4,4,4
114,M,1,2,2,2,3,3,4,3,2,2,4,5,3,2,4,3
115,F,5,4,4,4,2,2,2,2,3,3,5,4,4,5,4,4
116,M,1,1,1,1,3,3,2,2,1,2,2,2,1,4,3,2
117,F,5,5,5,5,4,5,4,5,4,2,4,4,4,4,4,3
118,M,4,4,4,4,1,3,3,2,5,4,5,3,4,3,4,3
119,F,3,4,4,2,4,3,2,3,3,4,3,4,4,3,2,3
120,M,2,3,2,2,2,2,1,2,4,4,3,4,1,3,2,2
121,F,2,2,1,1,1,3,2,1,2,1,4,2,1,2,2,1
122,M,2,1,2,2,2,2,1,2,3,3,3,3,1,3,2,2
123,F,3,2,2,2,2,2,2,2,1,1,2,2,3,4,4,4
124,M,3,4,2,2,2,2,3,4,4,2,2,1,2,2,4,3
125,F,3,4,4,5,3,4,1,2,1,1,3,1,3,1,1,2
126,M,1,2,1,1,3,2,2,1,1,1,1,2,1,1,2,2
127,F,2,2,1,3,4,4,5,4,2,4,2,2,3,4,2,5
128,M,2,1,1,1,1,2,3,3,1,1,1,1,3,2,2,2
129,F,2,3,4,3,3,1,3,4,5,5,4,5,4,3,4,4
130,M,2,1,2,1,2,2,2,3,4,3,5,4,4,4,3,4
131,F,2,1,3,2,5,5,2,3,2,3,4,4,3,3,5,4
132,M,5,5,5,5,3,3,1,1,5,5,4,5,2,4,4,5
133,F,1,1,2,3,1,3,2,3,3,3,3,3,3,4,5,2
134,M,2,2,3,2,5,5,5,5,3,5,3,5,2,3,2,4
135,F,3,3,4,4,2,3,4,4,2,2,3,3,4,2,4,3
136,M,3,3,5,2,1,1,1,1,2,1,1,1,3,3,2,4
137,F,4,5,3,3,4,3,5,4,2,5,3,4,3,4,3,4
138,M,4,4,4,4,1,1,1,2,2,4,3,3,4,5,4,5
139,F,3,4,4,2,5,5,5,4,4,2,3,4,4,4,3,4
140,M,3,4,2,2,2,2,2,2,3,3,3,3,3,4,4,4
141,F,2,3,2,3,4,5,4,5,3,1,2,2,2,4,3,4
142,M,5,5,4,5,4,5,4,4,4,5,4,3,4,3,4,4
143,F,4,1,3,4,2,3,2,2,3,1,2,2,4,2,3,5
144,M,5,2,3,3,2,4,2,3,1,3,1,1,2,4,4,3
145,F,3,2,2,2,2,2,3,3,4,1,2,3,5,4,3,5
146,M,5,5,4,5,4,2,3,3,2,2,4,3,1,2,1,1
147,F,3,3,4,5,5,5,5,5,3,5,4,5,4,4,4,4
148,M,1,1,1,1,2,2,4,2,3,1,2,2,2,3,3,1
149,F,4,4,3,2,4,2,2,2,2,4,3,2,3,4,2,3
150,M,2,1,3,3,2,3,1,4,3,3,2,2,2,1,1,2
151,F,1,3,1,2,2,3,2,1,5,4,3,4,2,1,1,1
152,M,4,3,3,3,3,3,3,3,1,1,2,1,4,5,4,5
153,F,4,2,3,3,4,4,4,3,4,4,5,5,4,4,3,3
154,M,4,4,3,4,1,2,3,2,4,1,3,2,2,3,2,4
155,F,1,4,3,4,2,3,4,2,5,5,5,4,4,5,5,5
156,M,1,2,3,2,3,2,2,3,4,3,3,3,3,3,3,4
157,F,5,4,4,5,5,5,5,5,4,3,4,3,4,3,3,3
158,M,3,2,3,4,2,2,1,2,1,1,3,2,2,3,2,3
159,F,4,4,2,2,2,1,2,2,3,2,2,1,3,4,3,3
160,M,4,4,4,4,4,3,2,4,2,2,2,1,3,3,2,2
161,F,3,2,4,3,3,4,3,4,5,4,5,4,4,4,5,5
162,M,2,2,2,4,1,1,1,1,1,1,1,1,2,2,1,2
163,F,1,3,2,1,3,3,4,3,1,1,2,1,2,2,3,2
164,M,4,2,3,3,2,3,4,4,2,3,4,3,5,5,5,5
165,F,5,3,3,3,4,5,5,5,3,2,1,2,2,2,2,1
166,M,5,4,4,3,5,3,2,3,5,3,4,4,5,4,4,2
167,F,4,4,5,4,5,4,4,4,3,3,4,3,5,5,4,5
168,M,3,4,5,3,4,5,5,4,3,4,5,4,3,4,4,4
169,F,2,4,3,3,1,1,1,2,2,3,2,3,2,3,3,3
170,M,1,3,2,3,1,3,3,2,4,4,3,3,2,1,1,2
171,F,2,2,4,2,3,3,3,4,4,4,4,4,2,3,4,3
172,M,2,3,3,2,5,3,5,4,2,1,2,1,2,2,4,3
173,F,3,4,5,4,5,4,4,5,3,4,3,3,2,2,2,3
174,M,5,5,5,5,5,5,5,3,4,4,4,4,3,5,4,5
175,F,2,4,3,2,4,5,3,4,4,5,5,5,4,5,5,5
176,M,4,3,4,4,2,3,3,3,4,4,3,3,5,4,5,5
177,F,1,1,2,1,4,4,3,2,3,4,4,4,2,2,1,3
178,M,3,2,1,3,4,4,3,3,2,1,2,2,1,1,2,1
179,F,4,3,3,3,4,4,2,4,1,1,1,2,1,2,1,1
180,M,1,2,1,1,1,1,1,1,1,1,1,1,1,1,2,1
181,F,1,2,2,2,5,4,3,3,4,3,3,3,1,3,3,2
182,M,5,5,4,4,1,3,2,3,3,3,2,3,1,1,2,2
183,F,4,4,2,1,4,4,4,4,3,3,2,3,2,2,3,2
184,M,2,5,2,3,1,1,2,2,1,4,2,2,2,2,4,2
185,F,5,5,4,4,4,4,5,4,2,4,4,2,1,5,4,2
186,M,1,1,2,3,1,2,1,1,3,3,4,3,4,4,4,4
187,F,4,5,5,4,4,3,4,4,4,4,3,4,2,1,3,2
188,M,1,2,4,3,2,3,1,4,3,2,3,3,2,2,1,2
189,F,4,3,3,2,4,2,3,4,3,4,4,4,2,3,2,1
190,M,1,2,3,2,3,2,2,2,2,3,3,3,3,2,2,3
191,F,5,4,5,4,1,2,3,2,3,4,4,4,5,4,5,4
192,M,3,3,2,3,1,1,1,2,1,2,2,3,1,1,1,1
193,F,4,2,3,3,5,4,5,5,1,1,2,3,4,4,3,3
194,M,2,4,2,2,1,1,1,1,2,2,2,4,1,1,1,1
195,F,4,3,3,4,4,3,3,3,4,4,4,4,4,4,3,4
196,M,2,3,2,2,3,1,1,1,2,2,3,2,4,4,3,4
197,F,4,4,4,2,3,4,4,3,2,3,2,4,4,2,2,1
198,M,5,5,4,4,5,5,5,5,4,4,1,3,4,3,5,4
199,F,3,1,4,3,4,3,5,5,4,4,2,4,5,3,3,5
200,M,4,3,4,3,1,2,1,2,5,3,3,3,3,3,2,2
201,F,2,3,1,2,1,3,2,3,1,2,2,1,3,1,2,2
202,M,5,3,4,4,4,3,4,4,4,4,5,4,5,4,5,5
203,F,4,4,3,2,4,2,4,3,3,2,3,3,4,1,2,3
204,M,1,1,2,1,3,3,4,2,3,3,2,4,4,4,2,3
205,F,2,2,4,3,3,2,2,2,3,3,2,2,3,4,5,2
206,M,4,2,2,3,4,5,5,3,2,4,4,4,3,4,4,3
207,F,3,3,4,3,3,4,2,2,5,4,5,4,2,4,3,4
208,M,4,4,4,4,4,5,4,5,2,2,2,3,5,3,4,3
209,F,3,1,2,2,2,3,3,2,3,2,2,2,3,3,3,4
210,M,2,3,3,2,2,2,3,3,5,5,3,3,3,3,4,2
211,F,2,4,3,4,5,3,2,3,2,4,2,4,3,3,3,4
212,M,4,3,4,5,4,5,5,4,4,3,4,5,4,4,5,4
213,F,5,5,5,4,5,5,5,5,4,3,3,2,5,5,4,4
214,M,3,3,4,3,2,3,3,4,2,2,3,3,3,3,3,3
215,F,4,5,5,5,5,5,4,4,4,4,3,4,2,3,3,3
216,M,5,3,3,4,5,4,3,2,2,4,3,2,4,4,2,2
217,F,3,1,2,3,3,3,3,4,4,3,4,3,2,2,2,2
218,M,3,5,4,3,3,3,2,1,3,3,4,4,5,3,2,2
219,F,5,4,2,4,2,2,1,2,3,4,2,3,4,2,2,2
220,M,5,3,1,2,5,4,4,4,5,5,5,5,3,2,1,3
221,F,2,2,2,1,1,1,2,2,4,4,4,4,3,5,5,4
222,M,4,2,2,4,4,5,5,4,3,2,3,4,5,5,3,4
223,F,2,3,2,2,2,3,1,2,3,3,2,3,3,4,4,5
224,M,2,1,4,2,1,1,1,2,4,3,3,2,1,3,2,2
225,F,3,5,5,5,4,5,4,4,3,5,4,3,3,2,3,3
226,M,4,3,5,4,3,4,4,2,2,1,1,3,2,2,2,3
227,F,5,4,2,3,2,3,2,2,3,3,4,3,4,4,5,4
228,M,5,4,4,3,4,3,4,2,5,5,4,5,3,4,4,4
229,F,4,4,3,5,3,3,3,3,5,4,2,2,5,4,5,3
230,M,2,2,2,3,3,4,2,3,3,3,3,4,1,2,2,2
231,F,3,3,2,3,2,1,3,1,1,2,2,1,4,4,5,2
232,M,2,4,4,4,2,1,1,2,3,4,3,2,2,2,4,3
233,F,2,3,3,2,3,2,4,3,4,5,4,3,3,2,5,4
234,M,3,2,4,1,1,2,3,2,3,3,2,3,3,2,2,2
235,F,1,1,1,1,3,3,4,3,2,2,2,2,3,4,3,4
236,M,4,4,5,3,2,2,1,2,2,2,3,2,3,4,5,2
237,F,5,4,4,3,3,4,3,2,2,3,3,3,2,2,3,3
238,M,3,2,2,3,2,3,3,3,3,2,5,3,2,4,4,2
239,F,2,2,2,3,1,1,1,3,3,2,3,1,3,3,5,4
240,M,5,4,5,5,4,5,5,5,5,5,5,5,5,5,5,3
